{
  "train_loss": [
    2.3872954845428467,
    2.1794610023498535,
    2.0128252506256104,
    1.9301035404205322,
    1.8548122644424438,
    1.8119865655899048,
    1.7586654424667358,
    1.736315131187439,
    1.6915100812911987,
    1.6925076246261597,
    1.6539974212646484,
    1.6507648229599,
    1.6157387495040894,
    1.6195605993270874,
    1.591032862663269,
    1.5954020023345947,
    1.57560396194458,
    1.571817398071289,
    1.5455516576766968,
    1.5596234798431396,
    1.5300178527832031,
    1.5412498712539673,
    1.5172502994537354,
    1.5185860395431519,
    1.4966052770614624
  ],
  "val_loss": [
    2.330787972400063,
    2.1026125456157483,
    1.9414669777217664,
    1.86046638614253,
    1.7893203057740863,
    1.756471125703109,
    1.7117228696220799,
    1.696908147711503,
    1.6632644941932277,
    1.6562093370839168,
    1.6330371153982062,
    1.6312822981884605,
    1.6120018268886365,
    1.613749767604627,
    1.5958131489000822,
    1.5964140390094959,
    1.5827934992940802,
    1.5912516995480186,
    1.5743635265450728,
    1.5823943238509328,
    1.5671589813734357,
    1.5743340693022077,
    1.561373189875954,
    1.5681821421573037,
    1.5566896827597367
  ],
  "train_perplexity": [
    10.884018106875242,
    8.84153940521178,
    7.4844329036477655,
    6.890223621300148,
    6.390498414215591,
    6.122598302092319,
    5.804685536092248,
    5.676388092112757,
    5.427670743807784,
    5.433087781998599,
    5.227835976701062,
    5.210963768213997,
    5.031603645503746,
    5.050870473014571,
    4.908816444078139,
    4.930310670188606,
    4.833660083444001,
    4.815391729768024,
    4.690558496025664,
    4.757029790296757,
    4.6182592703453444,
    4.6704240532583,
    4.559670214155001,
    4.56576481795171,
    4.466500772265535
  ],
  "val_perplexity": [
    10.286043458928733,
    8.18753229692142,
    6.968966794643572,
    6.426733411984085,
    5.98538285332825,
    5.79196218195273,
    5.538495367862117,
    5.45704889225095,
    5.276507888712254,
    5.2394123080138115,
    5.119399338132175,
    5.11042360575819,
    5.012836020470259,
    5.021605822967589,
    4.932338167258108,
    4.935302851114496,
    4.868537087680047,
    4.9098907917257275,
    4.827667957558177,
    4.866594075057855,
    4.793011796526664,
    4.827525749865211,
    4.765360499084248,
    4.797918327890688,
    4.7430940824374375
  ],
  "epoch_times": [
    11.13051962852478,
    11.06770944595337,
    11.055118083953857,
    11.119737386703491,
    10.85606074333191,
    11.012053728103638,
    10.570614099502563,
    10.598827838897705,
    10.5200936794281,
    11.072593212127686,
    11.012405157089233,
    11.011800050735474,
    10.981893062591553,
    11.027119874954224,
    10.922590017318726,
    10.836695194244385,
    10.939282417297363,
    11.01955795288086,
    11.037813663482666,
    10.960603713989258,
    11.11764669418335,
    11.029792785644531,
    10.997953176498413,
    10.955646753311157,
    11.056016445159912
  ],
  "total_time": 273.9127514362335,
  "epochs": 25
}