{
  "train_loss": [
    2.2016959190368652,
    1.9511440992355347,
    1.8280285596847534,
    1.7534923553466797,
    1.7069755792617798,
    1.6663204431533813,
    1.6364237070083618,
    1.6102548837661743,
    1.591288447380066,
    1.573572039604187,
    1.5555843114852905,
    1.5467618703842163,
    1.5336750745773315,
    1.5317517518997192,
    1.514638900756836,
    1.5148199796676636,
    1.5027445554733276,
    1.4947853088378906,
    1.495313048362732,
    1.488328218460083,
    1.4886938333511353,
    1.4829717874526978,
    1.4875391721725464,
    1.4773389101028442,
    1.480972170829773,
    1.4826438426971436,
    1.4833087921142578
  ],
  "val_loss": [
    2.12220519467404,
    1.8716054590124833,
    1.7647881821582192,
    1.7096731662750244,
    1.6719215543646562,
    1.64875706873442,
    1.6319253507413363,
    1.6145005853552568,
    1.602266186162045,
    1.5932158608185618,
    1.586049104991712,
    1.578946119860599,
    1.572676984887374,
    1.5693555756619102,
    1.5659886096653186,
    1.561303684585973,
    1.5600262692100124,
    1.5571080508985018,
    1.555148908966466,
    1.55520592865191,
    1.5531515071266575,
    1.553867547135604,
    1.5535892122670223,
    1.553119050829034,
    1.5530077469976324,
    1.5529867975335372,
    1.5529613306647854
  ],
  "train_perplexity": [
    9.040332177583167,
    7.036733698578105,
    6.221609029328506,
    5.7747349274553015,
    5.5122648334359114,
    5.292657290814253,
    5.136766043350595,
    5.004086525720257,
    4.910071222883119,
    4.82384843316607,
    4.737854099083791,
    4.696238505839694,
    4.635180191720847,
    4.626273812209654,
    4.547778630889778,
    4.548602212255302,
    4.494006209409885,
    4.458379275464232,
    4.460732759383248,
    4.4296838616862955,
    4.431303716172198,
    4.406019999199028,
    4.426190014665052,
    4.381271197862273,
    4.397218451161297,
    4.404575304950323,
    4.407505098706358
  ],
  "val_perplexity": [
    8.349529539278143,
    6.498721459480817,
    5.84033513987357,
    5.527154721819474,
    5.322385229929994,
    5.200511929562165,
    5.1137109335531346,
    5.025377549518575,
    4.964269645944271,
    4.919544086271595,
    4.884412953519156,
    4.849841964894162,
    4.819532756544248,
    4.803551670539104,
    4.787405472504797,
    4.765029292831321,
    4.758946257254531,
    4.745078857034971,
    4.7357916745002395,
    4.736061715550602,
    4.726341836200612,
    4.72972729796968,
    4.72841103313347,
    4.72618843913267,
    4.725662425525677,
    4.725563426467359,
    4.725443082696195
  ],
  "epoch_times": [
    12.236428022384644,
    10.738608360290527,
    10.628867149353027,
    10.718960046768188,
    10.72568655014038,
    10.667636156082153,
    10.687233209609985,
    10.64563775062561,
    10.685372829437256,
    10.840080976486206,
    10.628668069839478,
    10.596301794052124,
    10.583418130874634,
    10.697818517684937,
    10.936975002288818,
    10.937578439712524,
    11.1154944896698,
    11.095824956893921,
    10.752453565597534,
    10.76659607887268,
    11.272987127304077,
    10.787293195724487,
    10.617922067642212,
    10.420194149017334,
    10.833031415939331,
    11.036052465438843,
    10.625555038452148
  ],
  "total_time": 292.2808446884155,
  "epochs": 27
}