{
  "train_loss": [
    2.233196496963501,
    1.9760223627090454,
    1.8447437286376953,
    1.774282455444336,
    1.7174423933029175,
    1.6857713460922241,
    1.66046941280365,
    1.6300182342529297,
    1.611095666885376,
    1.5982586145401,
    1.574931263923645,
    1.5670161247253418,
    1.5542157888412476,
    1.5527034997940063,
    1.545699954032898,
    1.5440870523452759,
    1.5188335180282593,
    1.5213598012924194,
    1.5229336023330688,
    1.5193411111831665,
    1.5136381387710571,
    1.5073992013931274,
    1.5097811222076416,
    1.5135725736618042,
    1.5091090202331543,
    1.5068591833114624,
    1.5096603631973267
  ],
  "val_loss": [
    2.1588562664232755,
    1.906011939048767,
    1.790914730021828,
    1.7247959626348395,
    1.683762224097001,
    1.6631642078098499,
    1.6372890221445184,
    1.62189865739722,
    1.6076184636668156,
    1.5990851615604602,
    1.5900018152437712,
    1.5852656552666111,
    1.5802250222155922,
    1.5777384042739868,
    1.570774335610239,
    1.5703331734004773,
    1.5653477028796547,
    1.5644154925095408,
    1.5629789766512419,
    1.5618226026233875,
    1.5601805448532104,
    1.5603723463259245,
    1.5587516081960577,
    1.5578830932316028,
    1.557455627541793,
    1.5575485229492188,
    1.5572776292499744
  ],
  "train_perplexity": [
    9.329640634953677,
    7.213991200567981,
    6.326478287429246,
    5.896048940288959,
    5.570263686497274,
    5.396611982902417,
    5.261780211826646,
    5.103967784727758,
    5.0082956464289685,
    4.944414791237093,
    4.830409583297081,
    4.792327131832754,
    4.731374673096867,
    4.724224874643936,
    4.691254140338657,
    4.683693707375192,
    4.566894886340251,
    4.578446741946771,
    4.585657979231748,
    4.569213599355381,
    4.543229663512717,
    4.514972975657543,
    4.525740101895631,
    4.542931795928435,
    4.522699364994232,
    4.512535466821118,
    4.525193610997499
  ],
  "val_perplexity": [
    8.661225856485926,
    6.726210700164767,
    5.9949337049129525,
    5.611375982510528,
    5.385780415681389,
    5.2759787533522085,
    5.141212888442512,
    5.062693517581676,
    4.990911027131157,
    4.948503271978238,
    4.903757829834399,
    4.880587760152444,
    4.856048407075238,
    4.843988270670936,
    4.81037159403217,
    4.808249907908252,
    4.784338174882667,
    4.779880243409719,
    4.773018799105994,
    4.767502594145012,
    4.759680503386005,
    4.7605935046709,
    4.752884078425209,
    4.74875791955351,
    4.74672842227482,
    4.747169392027262,
    4.745883587915695
  ],
  "epoch_times": [
    17.312912225723267,
    7.35740065574646,
    7.335905313491821,
    7.364684581756592,
    7.404802560806274,
    7.3727099895477295,
    7.376136302947998,
    7.363654613494873,
    7.356597900390625,
    7.350178003311157,
    7.367858171463013,
    7.359689235687256,
    7.343981742858887,
    7.348195314407349,
    7.359811067581177,
    7.359202146530151,
    7.346254110336304,
    7.359665393829346,
    7.3490309715271,
    7.35162615776062,
    7.380834102630615,
    7.36847996711731,
    7.3927001953125,
    7.412038087844849,
    7.514621734619141,
    7.487138032913208,
    7.4710774421691895
  ],
  "total_time": 209.16957545280457,
  "epochs": 27
}