{
  "train_loss": [
    1.9747962951660156,
    1.862269401550293,
    1.7769936323165894,
    1.724534273147583,
    1.708072304725647,
    1.685543417930603,
    1.667370080947876,
    1.67123544216156,
    1.6530086994171143,
    1.657771348953247
  ],
  "val_loss": [
    1.8952645377108925,
    1.7893724504270052,
    1.7324240960572894,
    1.6967619845741673,
    1.6760540071286654,
    1.6604838183051662,
    1.6506000568992214,
    1.6442764746515375,
    1.642009515511362,
    1.641583097608466
  ],
  "train_perplexity": [
    7.205151780071862,
    6.438331363848485,
    5.912055860805016,
    5.609907736527509,
    5.518313590949224,
    5.3953820832238835,
    5.29821558052516,
    5.318734728944004,
    5.222669655503762,
    5.247602727328032
  ],
  "val_perplexity": [
    6.654308487353298,
    5.985694967177188,
    5.6543439816506895,
    5.456251331152701,
    5.34442524377754,
    5.261856010955427,
    5.210105248970929,
    5.17726267072386,
    5.165539320989416,
    5.163337112108849
  ],
  "epoch_times": [
    7.2779436111450195,
    7.2567458152771,
    7.270899295806885,
    7.2841386795043945,
    7.274924039840698,
    7.286064863204956,
    7.319210767745972,
    7.2890098094940186,
    7.307928562164307,
    7.298710823059082
  ],
  "total_time": 72.86639475822449,
  "epochs": 10
}