{
  "train_loss": [
    2.23772931098938,
    1.9818079471588135,
    1.8568938970565796,
    1.7774170637130737,
    1.7280935049057007,
    1.693284273147583,
    1.6577932834625244,
    1.6325616836547852,
    1.6226933002471924,
    1.606054663658142,
    1.5927361249923706,
    1.577896237373352,
    1.5626332759857178,
    1.5594364404678345,
    1.5506054162979126,
    1.5468007326126099,
    1.537243366241455,
    1.5336010456085205,
    1.522229552268982,
    1.5303372144699097,
    1.5219485759735107,
    1.5190057754516602,
    1.521781325340271,
    1.5192952156066895,
    1.5135281085968018,
    1.5162720680236816,
    1.521403431892395
  ],
  "val_loss": [
    2.161084087271439,
    1.907241244065134,
    1.7945495153728284,
    1.7321402461905229,
    1.687405498404252,
    1.6632801796260632,
    1.6465428063743992,
    1.6282110026008205,
    1.621482058575279,
    1.6076409879483675,
    1.6007452387558787,
    1.5946280266109265,
    1.5905161405864514,
    1.5874829919714677,
    1.5818989716078107,
    1.5800158412832963,
    1.578161597251892,
    1.575235780916716,
    1.576129398847881,
    1.5725100730594836,
    1.571387115277742,
    1.571282054248609,
    1.570830922377737,
    1.5700368693000393,
    1.5697207639091892,
    1.5694400197581242,
    1.5693471306248714
  ],
  "train_perplexity": [
    9.372026151138867,
    7.255849325978844,
    6.403814939383162,
    5.914559740947572,
    5.629910274020586,
    5.437309020588424,
    5.247717832181118,
    5.116965991670488,
    5.066718149647789,
    4.983112339806581,
    4.917184570742203,
    4.844752872691151,
    4.771369048506955,
    4.756140121620603,
    4.714323447045662,
    4.696421015679445,
    4.651749410883072,
    4.634837066811749,
    4.582430582695273,
    4.619734400953132,
    4.581143209195082,
    4.567681635646074,
    4.5803770741624525,
    4.569003897475423,
    4.542729798661772,
    4.555211982387574,
    4.578646506682975
  ],
  "val_perplexity": [
    8.68054302562617,
    6.734484349096767,
    6.016763651674984,
    5.652739224630654,
    5.405438078479501,
    5.276590653671448,
    5.189009371284328,
    5.094752062576516,
    5.060584844692221,
    4.991023445082395,
    4.956724991868194,
    4.926496205761588,
    4.906280605468758,
    4.891421673312139,
    4.864183993735286,
    4.855032720577,
    4.846038646313826,
    4.83188074908481,
    4.836200534194695,
    4.818728386653567,
    4.813320195267303,
    4.812814529457391,
    4.81064380511284,
    4.806825414796605,
    4.8053061915001,
    4.803957319245618,
    4.803511104538619
  ],
  "epoch_times": [
    15.597028732299805,
    7.165297508239746,
    7.212500810623169,
    7.2293701171875,
    7.242855072021484,
    7.2421815395355225,
    7.244030714035034,
    7.265326738357544,
    7.259637832641602,
    7.267336368560791,
    7.2741241455078125,
    7.279289245605469,
    7.298322916030884,
    7.270751476287842,
    7.286608457565308,
    7.278757572174072,
    7.276205539703369,
    7.262785196304321,
    7.27042031288147,
    7.296241998672485,
    7.273905992507935,
    7.291178941726685,
    7.315351963043213,
    7.3168089389801025,
    7.267926454544067,
    7.241885423660278,
    7.225656509399414
  ],
  "total_time": 204.45380544662476,
  "epochs": 27
}