{
  "train_loss": [
    2.1135659217834473,
    1.95602548122406
  ],
  "val_loss": [
    2.032396812187998,
    1.8801813188352083
  ],
  "train_perplexity": [
    8.277706371774027,
    7.071166655548344
  ],
  "val_perplexity": [
    7.632357781602626,
    6.554693243794022
  ],
  "epoch_times": [
    63.519535541534424,
    88.35570764541626
  ],
  "total_time": 151.87595558166504,
  "epochs": 2
}